Metric,Value
Accuracy,0.8061224489795918
Precision,0.4107142857142857
Recall,0.48936170212765956
F1 Score,0.44660194174757284
ROC-AUC,0.7742268929279008
